,1
www.flipkart.com,8
www.eco.utexas.edu,1
www.kalladatravels.com,1
addi.ehu.es,1
diyhacking.com,3
www.sanfoundry.com,2
mospi.nic.in,3
bookmyshow.com,1
www.spaste.com,3
s3.amazonaws.com,3
coderwall.com,1
redbus.in,1
www.analyticsvidhya.com,5
www.indiastat.com,1
titan.infra.systems,1
www.tradingeconomics.com,1
jpinfotech.org,1
www.slideshare.net,1
docs.python.org,1
www.amazon.com,4
en.wikipedia.org,7
www.cquestions.com,1
www.bestbuy.com,13
www.matthewhughes.co.uk,5
www.thegeekstuff.com,3
www.redbus.in,4
www.keil.com,1
mail.google.com,327
accounts.google.co.in,21
www.tutorialspoint.com,7
www.w3schools.com,3
www.goibibo.com,3
openhomeautomation.net,1
pages.cs.wisc.edu,1
zip-extractor.appspot.com,1
www.asklaila.com,1
geranew.info,2
www.googleadservices.com,9
www.c-program-example.com,1
dl.flipkart.com,1
pdf1.alldatasheet.com,3
www.coursera.org,5
driscocity.com,1
tusfiles.net,1
www.daniweb.com,2
www.shopclues.com,1
www.alldatasheet.com,2
in.mail.yahoo.com,1
discuss.codecademy.com,22
outlook.live.com,15
www.adnetworkperformance.com,3
linkshrink.net,7
raspberrypiwonderland.wordpress.com,1
www.xpressbees.com,2
www.outlook.com,1
www.deccanherald.com,1
ads.ad-center.com,1
accounts.youtube.com,1
flights.jetairways.com,3
www.msn.com,2
www.circuitstoday.com,1
www.makeuseof.com,1
www.newegg.com,7
www.raspberry-pi-geek.com,1
www.coursera.com,1
eclkspbn.com,3
www.geeetech.com,1
forgetcode.com,1
www.srsbooking.com,2
www.facebook.com,4
www.raspberrypi.org,5
www.opentechguides.com,1
acrobat.adobe.com,2
www.studytonight.com,4
zk1.india-zed.com,1
rm-tracker.com,1
data.shipthankrecognizing.info,1
electronics.stackexchange.com,1
tldp.org,1
quiz.geeksforgeeks.org,1
www.usa.philips.com,1
www.personal.kent.edu,2
www.zen22142.zen.co.uk,1
www.ksrtconline.com,3
www.dreamincode.net,2
server.cpmstar.com,2
www.reddit.com,1
online2pdf.com,1
www.unix.com,1
serve.popads.net,4
cn.tatami-solutions.com,1
www.google.com,157
interactivepython.org,4
s2.online2pdf.com,2
www.programmingsimplified.com,6
manipal.edu,3
www.codecademy.com,109
sis.manipal.edu,13
www.ajio.com,2
www.mathsisfun.com,1
www.jabong.com,1
ad.dgmatix.com,1
ecomputernotes.com,1
nhb.gov.in,10
www.raspberry-projects.com,1
www.programiz.com,1
www.raspberry-solutions.co.uk,1
www.udoo.org,3
dl.acm.org,1
www.dhgate.com,1
mail-attachment.googleusercontent.com,31
www.siteground.com,1
syndication.exdynsrv.com,1
www.cyberciti.biz,4
playground.arduino.cc,2
blog.hubspot.com,2
algorithmsandme.in,1
fritzing.org,1
attachment.outlook.office.net,2
techieme.in,1
www.makemytrip.com,1
www.bookmyshow.com,2
faculty.simpson.edu,1
localhost,25
agricoop.nic.in,3
www.livefirelabs.com,1
www.amazon.in,1
www.aercaau.org,1
www.geekviewpoint.com,1
www.iasri.res.in,1
github.com,18
www.driscocity.com,1
syndication.exoclick.com,1
www.csl.mtu.edu,1
www.ecsl.cs.sunysb.edu,1
www.udayavani.com,1
secure.jetairways.com,1
www.computerhope.com,1
k.tusfiles.net,2
www.themakersworkbench.com,1
gitub.com,2
adexchangeprediction.com,2
www.vmware.com,2
ad.doubleclick.net,1
www.pdftoexcelonline.com,1
bash.cyberciti.biz,4
c2.com,2
techcprograms.blogspot.com,1
psarips.com,6
techcprograms.blogspot.in,1
www.kdnuggets.com,1
unix.stackexchange.com,1
www.geeksforgeeks.org,2
www.engineersgarage.com,1
clickserve.dartsearch.net,2
property.magicbricks.com,1
www.vishay.com,1
askubuntu.com,6
www.digitalocean.com,4
login.yahoo.com,3
www.c4learn.com,3
www.gmail.com,9
55uij.perfectsafeadz.com,1
zm1.india-zed.com,1
datatherapy.org,1
knoema.com,1
172.16.50.250,29
www.instructables.com,7
rosettacode.org,1
raspberrywebserver.com,2
accounts.google.com,147
www.snapdeal.com,2
www.gnu.org,2
dev.mysql.com,8
tronixstuff.com,1
zj1.india-zed.com,1
www.file-extensions.org,1
bestadbid.com,2
forum.arduino.cc,4
mg.mail.yahoo.com,4
www.google.co.in,364
thepihut.com,1
in.bookmyshow.com,16
www.ibtimes.co.in,1
pythonschool.net,2
outlook.com,1
pixel.everesttech.net,1
webapi.koplayer.com,1
www.terraclicks.com,1
hilltopads.net,1
ubuntuforums.org,1
hetland.org,3
projects.privateeyepi.com,1
data.gov.in,4
www.youtube.com,25
wadogo.go2cloud.org,2
www.ksrtc.in,2
zg1.india-zed.com,1
manipal.examcloud.in,13
www.stalkbuylove.com,1
images.bestbuy.com,1
www.yahoo.com,2
www.speakingtree.in,28
www.nhm.nic.in,2
login.live.com,2
stackoverflow.com,14
in.yahoo.com,2
